{
  "coeffs": [
    -0.0016523628201243986,
    0.026805450650430926,
    -0.1050266590081485,
    0.14812898727196122,
    -0.06886860622633116,
    -0.0
  ],
  "x": 10.0,
  "y": -550.793338748481
}